{
  "playlist": [
    650,
    814,
    611,
    183,
    161,
    713,
    436,
    314,
    124,
    509,
    971,
    173,
    27,
    278,
    752,
    942,
    155,
    97,
    42,
    430
  ],
  "responses": [
    0.5186832547187805,
    0.5171958208084106,
    0.5209175944328308,
    0.5209729671478271,
    0.5207603573799133,
    0.5262371301651001,
    0.518451452255249,
    0.5319133996963501,
    0.5295003056526184,
    0.5188681483268738,
    0.5285794138908386,
    0.5250427722930908,
    0.5216774344444275,
    0.5198461413383484,
    0.5216589570045471,
    0.5273439288139343,
    0.5250324010848999,
    0.5270935297012329,
    0.5163364410400391,
    0.5214279890060425
  ],
  "statistics": {
    "total_reward": 10.457539439201355,
    "average_response": 0.5228769719600678,
    "response_std": 0.004306119358144689
  }
}