{
  "playlist": [
    954,
    216,
    842,
    959,
    21,
    200,
    547,
    841,
    925,
    654,
    694,
    67,
    637,
    477,
    398,
    282,
    544,
    31,
    984,
    791
  ],
  "responses": [
    0.4935967028141022,
    0.4914953112602234,
    0.49416854977607727,
    0.49339133501052856,
    0.49396008253097534,
    0.49302202463150024,
    0.49157699942588806,
    0.4938274919986725,
    0.49704426527023315,
    0.498989075422287,
    0.48811614513397217,
    0.4942986071109772,
    0.49045053124427795,
    0.4977871775627136,
    0.4911956489086151,
    0.49430692195892334,
    0.4984149634838104,
    0.4964224398136139,
    0.4961375296115875,
    0.49512794613838196
  ],
  "statistics": {
    "total_reward": 9.88332974910736,
    "average_response": 0.49416648745536806,
    "response_std": 0.00272128769956167
  }
}