{
  "playlist": [
    165,
    185,
    233,
    19,
    181,
    197,
    72,
    35,
    139,
    126,
    151,
    49,
    17,
    98,
    204,
    12,
    243,
    160,
    11,
    80
  ],
  "responses": [
    0.9535961747169495,
    0.9790765047073364,
    0.9789063930511475,
    0.9742180705070496,
    0.9786496758460999,
    0.9786244034767151,
    0.9743549823760986,
    0.9729727506637573,
    0.975623607635498,
    0.9719916582107544,
    0.9714388847351074,
    0.9697708487510681,
    0.9690014719963074,
    0.9704108834266663,
    0.9715778231620789,
    0.9668192267417908,
    0.9700642228126526,
    0.9666978120803833,
    0.9649279713630676,
    0.9649650454521179
  ],
  "q_values": [
    0.7501611709594727,
    0.10909362137317657,
    -0.5754544138908386,
    -1.4261553287506104,
    -1.5517356395721436,
    -2.1826400756835938,
    -2.1996259689331055,
    -2.1628801822662354,
    -2.2357699871063232,
    -2.489403009414673,
    -2.6229360103607178,
    -1.9698008298873901,
    -1.8188488483428955,
    -1.8471500873565674,
    -1.9804764986038208,
    -1.6503099203109741,
    -1.6680426597595215,
    -1.821441411972046,
    -1.8168176412582397,
    -1.1818039417266846
  ],
  "statistics": {
    "total_reward": 21.423688411712646,
    "average_response": 0.9711844205856324,
    "response_std": 0.0059623811719121044
  }
}