{
  "playlist": [
    911,
    355,
    230,
    889,
    888,
    564,
    402,
    503,
    5,
    408,
    673,
    158,
    359,
    250,
    117,
    290,
    458,
    331,
    555,
    622
  ],
  "responses": [
    0.48678532242774963,
    0.4896793067455292,
    0.4940699338912964,
    0.4925217032432556,
    0.4878528416156769,
    0.4892829954624176,
    0.4865937829017639,
    0.49736252427101135,
    0.4775819778442383,
    0.49127310514450073,
    0.4939275085926056,
    0.48449233174324036,
    0.4927046000957489,
    0.4821714162826538,
    0.4950041174888611,
    0.4894915819168091,
    0.49354514479637146,
    0.4895823001861572,
    0.4820597469806671,
    0.4819716215133667
  ],
  "statistics": {
    "total_reward": 9.777953863143921,
    "average_response": 0.48889769315719606,
    "response_std": 0.0050780226200335295
  }
}