{
  "best_avg_reward": 21.52017706632614,
  "test_results": {
    "avg_reward": 21.479796365499496,
    "std_reward": 0.027216493022138848,
    "avg_response": 0.9739898182749748,
    "std_response": 0.0013608246511069464,
    "avg_duplicate_rate": 0.0,
    "min_reward": 21.412372410297394,
    "max_reward": 21.537442982196808
  }
}