{
  "best_avg_reward": 20.012108583232475,
  "test_results": {
    "avg_reward": 19.60316057148542,
    "std_reward": 1.080348869955232,
    "avg_response": 0.9011580285742711,
    "std_response": 0.03148084776288469,
    "avg_duplicate_rate": 0.0,
    "min_reward": 17.655180496978574,
    "max_reward": 21.00341933220625
  }
}