{
  "timestamp": "20251111_103923",
  "architecture": "Double DQN + Dueling DQN",
  "n_episodes": 300,
  "best_avg_reward": 21.892683148384094,
  "final_avg_reward": 21.783752534389496,
  "final_avg_response": 0.9941276162862778,
  "test_results": {
    "avg_reward": 21.87298148393631,
    "std_reward": 0.013147669864230339,
    "avg_response": 0.9936490741968156,
    "std_response": 0.000657383493211524,
    "avg_duplicate_rate": 0.0,
    "min_reward": 21.848144590854645,
    "max_reward": 21.902109384536743
  },
  "hyperparameters": {
    "batch_size": 64,
    "gamma": 0.995,
    "learning_rate": 0.0002,
    "epsilon_start": 1.0,
    "epsilon_end": 0.1,
    "epsilon_decay": 0.998,
    "update_target_freq": 500
  }
}