{
  "timestamp": "20251113_100051",
  "architecture": "Double DQN + Dueling DQN",
  "n_episodes": 300,
  "best_avg_reward": 21.342919267416,
  "final_avg_reward": 20.88152678012848,
  "final_avg_response": 0.9693639576435089,
  "test_results": {
    "avg_reward": 21.40906038761139,
    "std_reward": 0.024415048300276364,
    "avg_response": 0.9704530193805694,
    "std_response": 0.0012207524150138135,
    "avg_duplicate_rate": 0.0,
    "min_reward": 21.352916300296783,
    "max_reward": 21.45962631702423
  },
  "hyperparameters": {
    "batch_size": 64,
    "gamma": 0.995,
    "learning_rate": 0.0002,
    "epsilon_start": 1.0,
    "epsilon_end": 0.1,
    "epsilon_decay": 0.998,
    "update_target_freq": 500,
    "action_features_seed": 42
  }
}