{
  "best_avg_reward": 21.469235479831696,
  "test_results": {
    "avg_reward": 21.43961656689644,
    "std_reward": 0.0168535016408428,
    "avg_response": 0.9719808283448219,
    "std_response": 0.0008426750820421383,
    "avg_duplicate_rate": 0.0,
    "min_reward": 21.394284963607788,
    "max_reward": 21.47109580039978
  }
}